reference_network,default_substrates,default_products,selected_organisms,default_unbalanced_intermediates
Fermentation of glucose,D-Glucose,Acetate;(S)-Lactate;(R)-Lactate;Ethanol;Succinate;Propanoate;Butanoic acid;Formate;Hydrogen,Escherichia coli;Lactiplantibacillus plantarum;Clostridium butyricum;Pyrococcus furiosus;Propionibacterium freudenreichii,NAD+;NADH;NADP+;NADPH;Oxidized ferredoxin;Reduced ferredoxin;Quinone;Hydroquinone;ATP;ADP;AMP;GTP;GDP;Orthophosphate;Diphosphate;Polyphosphate;H2O;H+;H+[side 1];H+[side 2];Na+[side 1];Na+[side 2];HCO3-;CO2;Hydrogen
Fermentation of other hexoses,D-Fructose;D-Galactose;D-Mannose,Acetate;(S)-Lactate;(R)-Lactate;Ethanol;Succinate;Propanoate;Butanoic acid;Formate;Hydrogen,Escherichia coli;Lactiplantibacillus plantarum;Clostridium butyricum;Propionibacterium freudenreichii,NAD+;NADH;NADP+;NADPH;Oxidized ferredoxin;Reduced ferredoxin;Quinone;Hydroquinone;ATP;ADP;AMP;GTP;GDP;Orthophosphate;Diphosphate;Polyphosphate;H2O;H+;H+[side 1];H+[side 2];Na+[side 1];Na+[side 2];HCO3-;CO2;Hydrogen
Fermentation of pentoses,D-Arabinose;L-Arabinose;D-Ribose;D-Xylose,Acetate;(S)-Lactate;(R)-Lactate;Ethanol;Succinate;Propanoate;Butanoic acid;Formate;Hydrogen,Escherichia coli;Lactiplantibacillus plantarum;Clostridium butyricum;Propionibacterium freudenreichii,NAD+;NADH;NADP+;NADPH;Oxidized ferredoxin;Reduced ferredoxin;Quinone;Hydroquinone;ATP;ADP;AMP;GTP;GDP;Orthophosphate;Diphosphate;Polyphosphate;H2O;H+;H+[side 1];H+[side 2];Na+[side 1];Na+[side 2];HCO3-;CO2;Hydrogen
Aerobic respiration (generic),Oxygen,H2O*,Escherichia coli;Pseudomonas aeruginosa;Bacillus subtilis,NAD+;NADH;NADP+;NADPH;Ubiquinone;Ubiquinol;Quinone;Hydroquinone;ATP;ADP;AMP;ITP;IDP;GTP;GDP;Orthophosphate;Diphosphate;Polyphosphate;H2O;H+;H+[side 1];H+[side 2];Na+[side 1];Na+[side 2]
Aerobic respiration of glucose,D-Glucose,CO2;H2O*,Escherichia coli;Pseudomonas aeruginosa;Bacillus subtilis,ATP;ADP;AMP;ITP;IDP;GTP;GDP;Orthophosphate;Diphosphate;Polyphosphate;H2O;H+;H+[side 1];H+[side 2];Na+[side 1];Na+[side 2];Oxygen
Aerobic respiration of other hexoses,D-Fructose;D-Galactose;D-Mannose,CO2;H2O*,Escherichia coli;Pseudomonas aeruginosa;Bacillus subtilis,ATP;ADP;AMP;ITP;IDP;GTP;GDP;Orthophosphate;Diphosphate;Polyphosphate;H2O;H+;H+[side 1];H+[side 2];Na+[side 1];Na+[side 2];Oxygen
Aerobic respiration of pentoses,D-Arabinose;L-Arabinose;D-Ribose;D-Xylose,CO2;H2O*,Escherichia coli;Pseudomonas aeruginosa;Bacillus subtilis,ATP;ADP;AMP;ITP;IDP;GTP;GDP;Orthophosphate;Diphosphate;Polyphosphate;H2O;H+;H+[side 1];H+[side 2];Na+[side 1];Na+[side 2];Oxygen
Aerobic respiration of methane and methanol,Methane;Methanol,Formaldehyde;CO2;H2O*,Methylococcus capsulatus;Methylomonas methanica;Methylosinus trichosporium;Methylocystis parva;Methylorubrum extorquens,ATP;ADP;AMP;ITP;IDP;GTP;GDP;Orthophosphate;Diphosphate;Polyphosphate;H2O;H+;H+[side 1];H+[side 2];Na+[side 1];Na+[side 2];Oxygen
Aerobic respiration of carbon monoxide,CO,CO2;H2O*,Afipia carboxidovorans;Hydrogenophaga pseudoflava;Rhodospirillum rubrum;Mycobacterium tuberculosis,ATP;ADP;AMP;ITP;IDP;GTP;GDP;Orthophosphate;Diphosphate;Polyphosphate;H2O;H+;H+[side 1];H+[side 2];Na+[side 1];Na+[side 2];Oxygen
Aerobic respiration of ammonia (nitrification),Ammonia,Nitrite;H2O*,Nitrosomonas europaea;Nitrosospira multiformis,ATP;ADP;AMP;ITP;IDP;GTP;GDP;Orthophosphate;Diphosphate;Polyphosphate;H2O;H+;H+[side 1];H+[side 2];Na+[side 1];Na+[side 2];Oxygen
Aerobic respiration of nitrite (nitrification),Nitrite,Nitrate;H2O*,Nitrobacter winogradskyi;Nitrobacter hamburgensis,ATP;ADP;AMP;ITP;IDP;GTP;GDP;Orthophosphate;Diphosphate;Polyphosphate;H2O;H+;H+[side 1];H+[side 2];Na+[side 1];Na+[side 2];Oxygen
Aerobic respiration of sulfur compounds,Hydrogen sulfide;Thiosulfate,Sulfur;Sulfite;Sulfate;Tetrathionate;H2O*,Acidithiobacillus ferrooxidans;Paracoccus pantotrophus;Beggiatoa leptomitoformis;Acidianus ambivalens,ATP;ADP;AMP;ITP;IDP;GTP;GDP;Orthophosphate;Diphosphate;Polyphosphate;H2O;H+;H+[side 1];H+[side 2];Na+[side 1];Na+[side 2];Oxygen
Aerobic respiration of iron compounds,Fe2+,Fe3+;H2O*,Acidithiobacillus ferrooxidans,ATP;ADP;AMP;ITP;IDP;GTP;GDP;Orthophosphate;Diphosphate;Polyphosphate;H2O;H+;H+[side 1];H+[side 2];Na+[side 1];Na+[side 2];Oxygen
Aerobic respiration of arsenic compounds,Arsenite,Arsenate ion;H2O*,Herminiimonas arsenicoxydans;Pseudorhizobium banfieldiae,ATP;ADP;AMP;ITP;IDP;GTP;GDP;Orthophosphate;Diphosphate;Polyphosphate;H2O;H+;H+[side 1];H+[side 2];Na+[side 1];Na+[side 2];Oxygen
Aerobic respiration of hydrogen,Hydrogen,H2O*,Hydrogenovibrio marinus;Mycobacterium smegmatis,ATP;ADP;AMP;ITP;IDP;GTP;GDP;Orthophosphate;Diphosphate;Polyphosphate;H2O;H+;H+[side 1];H+[side 2];Na+[side 1];Na+[side 2];Oxygen
Nitrate respiration (generic) (dissimilatory nitrate reduction),Nitrate,Nitrite;Ammonia;Nitrogen,Escherichia coli;Paracoccus denitrificans;Stutzerimonas stutzeri;Aliivibrio fischeri,NAD+;NADH;NADP+;NADPH;Quinone;Hydroquinone;Ferricytochrome c;Ferrocytochrome c;H2O;H+
Nitrate respiration of glucose (dissimilatory nitrate reduction),D-Glucose,CO2;Nitrite;Ammonia;Nitrogen,Escherichia coli;Paracoccus denitrificans;Stutzerimonas stutzeri;Aliivibrio fischeri,ATP;ADP;AMP;ITP;IDP;GTP;GDP;Orthophosphate;Diphosphate;Polyphosphate;H2O;H+;H+[side 1];H+[side 2];Na+[side 1];Na+[side 2];Nitrate
Nitrite respiration of ammonia (anammox),Nitrite,Nitrogen,,H2O;H+;Ammonia
Sulfur compound respiration (generic),Sulfate;Sulfite;Sulfur;Tetrathionate;Thiosulfate,Hydrogen sulfide,Nitratidesulfovibrio vulgaris;Desulfobacter postgatei;Desulfovibrio desulfuricans;Archaeoglobus fulgidus;Megalodesulfovibrio gigas;Desulfolutivibrio sulfodismutans;Clostridioides difficile;Pyrococcus furiosus;Acidianus ambivalens;Wolinella succinogenes;Salmonella enterica enterica;Campylobacter jejuni jejuni,NAD+;NADH;NADP+;NADPH;FAD;FADH2;Oxidized ferredoxin;Quinone;Hydroquinone;Reduced ferredoxin;Ferricytochrome c;Ferrocytochrome c;ATP;ADP;AMP;ITP;IDP;GTP;GDP;Orthophosphate;Diphosphate;Polyphosphate;H2O;H+;H+[side 1];H+[side 2];Na+[side 1];Na+[side 2];Hydrogen
Sulfate respiration (generic) (dissimilatory sulfate reduction),Sulfate,Hydrogen sulfide,Nitratidesulfovibrio vulgaris;Desulfobacter postgatei;Desulfovibrio desulfuricans;Archaeoglobus fulgidus;Megalodesulfovibrio gigas;Desulfolutivibrio sulfodismutans,NAD+;NADH;NADP+;NADPH;FAD;FADH2;Oxidized ferredoxin;Reduced ferredoxin;ATP;ADP;AMP;ITP;IDP;GTP;GDP;Orthophosphate;Diphosphate;Polyphosphate;H2O;H+;H+[side 1];H+[side 2];Na+[side 1];Na+[side 2]
Sulfate respiration of pyruvate (dissimilatory sulfate reduction),Pyruvate;(S)-Lactate;(R)-Lactate,Acetate;CO2;Hydrogen sulfide,Nitratidesulfovibrio vulgaris;Desulfobacter postgatei;Desulfovibrio desulfuricans;Archaeoglobus fulgidus,ATP;ADP;AMP;ITP;IDP;GTP;GDP;Orthophosphate;Diphosphate;Polyphosphate;H2O;H+;H+[side 1];H+[side 2];Na+[side 1];Na+[side 2];Sulfate
Sulfate respiration of phosphite,Phosphonic acid,Orthophosphate;Hydrogen sulfide,Desulfotignum phosphitoxidans,ATP;ADP;AMP;ITP;IDP;GTP;GDP;Orthophosphate;Diphosphate;Polyphosphate;H2O;H+;H+[side 1];H+[side 2];Na+[side 1];Na+[side 2];Sulfate
Sulfur respiration (generic),Sulfur,Hydrogen sulfide,Pyrococcus furiosus;Acidianus ambivalens;Wolinella succinogenes,NAD+;NADH;NADP+;NADPH;Oxidized ferredoxin;Reduced ferredoxin;H2O;H+;Hydrogen
Sulfur respiration of glucose,D-Glucose,Acetate;CO2;H2;Hydrogen sulfide,Pyrococcus furiosus,ATP;ADP;AMP;GTP;GDP;Orthophosphate;Diphosphate;Polyphosphate;H2O;H+;H+[side 1];H+[side 2];Na+[side 1];Na+[side 2];HCO3-;CO2;Sulfur
Sulfite respiration (generic),Sulfite,Hydrogen sulfide,Clostridioides difficile,NAD+;NADH;NADP+;NADPH;FAD;FADH2;Oxidized ferredoxin;Reduced ferredoxin;ATP;ADP;AMP;ITP;IDP;GTP;GDP;Orthophosphate;Diphosphate;Polyphosphate;H2O;H+;H+[side 1];H+[side 2];Na+[side 1];Na+[side 2]
Tetrathionate respiration (generic),Tetrathionate,Thiosulfate,Salmonella enterica enterica;Campylobacter jejuni jejuni,Quinone;Hydroquinone;Ferricytochrome c;Ferrocytochrome c;H2O;H+
Thiosulfate respiration (generic),Thiosulfate,Sulfite;Hydrogen sulfide,Salmonella enterica enterica,Quinone;Hydroquinone;H2O;H+
Iron respiration (generic),Fe3+,Fe2+,Shewanella oneidensis,Ferricytochrome c;Ferrocytochrome c;H2O;H+
Chlorate respiration (generic),Chloric acid,Chlorous acid;Cl-,Ideonella dechloratans,Ferricytochrome c;Ferrocytochrome c;H2O;H+;Oxygen
Selenate respiration (generic),Selenate,Selenite,Thauera selenatis;Sedimenticola selenatireducens,Ferricytochrome c;Ferrocytochrome c;H2O;H+
Fumarate respiration (generic),Fumarate,Succinate,Escherichia coli;Wolinella succinogenes,Ubiquinone;Ubiquinol;Quinone;Hydroquinone;Ferricytochrome c;Ferrocytochrome c;H2O;H+
Fumarate respiration of hydrogen,Hydrogen,Succinate,Escherichia coli;Wolinella succinogenes,H2O;H+;Fumarate
Trimethylamine N-oxide (TMAO) respiration (generic),Trimethylamine N-oxide,Trimethylamine,Escherichia coli,Ferricytochrome c;Ferrocytochrome c;H2O;H+
Trimethylamine N-oxide (TMAO) respiration of hydrogen,Hydrogen,Trimethylamine,Escherichia coli,H2O;H+;Trimethylamine N-oxide
Dimethyl sulfoxide (DMSO) respiration (generic),Dimethyl sulfoxide,Dimethyl sulfide,Escherichia coli,Quinone;Hydroquinone;H2O;H+
Dimethyl sulfoxide (DMSO) respiration of hydrogen,Hydrogen,Dimethyl sulfide,Escherichia coli,H2O;H+;Dimethyl sulfoxide
Organohalide respiration (generic),Tetrachloroethene;3-Chloro-4-hydroxyphenylacetate,"Trichloroethene;cis-1,2-Dichloroethene;trans-1,2-Dichloroethene;(4-Hydroxyphenyl)acetate;Cl-",Sulfurospirillum multivorans;Dehalobacter restrictus;Desulfitobacterium dehalogenans;Desulfitobacterium hafniense,Quinone;Hydroquinone;H2O;H+
Sulfur disproportionation,Sulfur,Sulfite;Hydrogen sulfide,Acidianus ambivalens,H2O;H+;Oxygen
Methanogenesis,Hydrogen;Formate;Acetate;Methanol;Methylamine;Propan-2-ol,Methane,Methanobrevibacter smithii;Methanosarcina mazei;Methanococcus maripaludis;Methanofollis liminatans,ATP;ADP;AMP;GTP;GDP;Orthophosphate;Diphosphate;Polyphosphate;H2O;H+;H+[side 1];H+[side 2];Na+[side 1];Na+[side 2];CO2;Ammonia;Acetone
Acetogenesis,CO2,Acetate,Clostridium ljungdahlii;Acetobacterium woodii;Moorella thermoacetica,NAD+;NADH;NADP+;NADPH;Oxidized ferredoxin;Reduced ferredoxin;ATP;ADP;AMP;GTP;GDP;Orthophosphate;Diphosphate;Polyphosphate;H2O;H+;H+[side 1];H+[side 2];Na+[side 1];Na+[side 2];Sodium cation;CO2;Hydrogen
Nitrogen fixation,Nitrogen,Ammonia,Clostridium pasteurianum;Azotobacter beijerinckii;Methanococcus maripaludis,Oxidized ferredoxin;Reduced ferredoxin;ATP;ADP;Orthophosphate;H2O;H+;H+[side 1];H+[side 2];Na+[side 1];Na+[side 2];Hydrogen
Phototrophy,hn,ATP;NADPH;Oxygen;Sulfur,Rhodopseudomonas palustris;Rhodospirillum rubrum;Chlorobaculum tepidum;Halobacterium salinarum,Orthophosphate;H2O;H+;H+[side 2];ADP;NADP+;Hydrogen sulfide
Oxygenic photosynthesis,CO2,3-Phospho-D-glycerate,,ATP;ADP;AMP;GTP;GDP;Orthophosphate;Diphosphate;Polyphosphate;H2O;H+;H+[side 1];H+[side 2];Na+[side 1];Na+[side 2];HCO3-;hn;Oxygen
All reactions,D-Glucose,Acetate;(S)-Lactate;(R)-Lactate;Ethanol;Succinate;Propanoate;Butanoic acid;Formate;Hydrogen;CO2,Escherichia coli;Lactiplantibacillus plantarum;Clostridium butyricum,NAD+;NADH;NADP+;NADPH;FAD;FADH2;Oxidized ferredoxin;Reduced ferredoxin;Ubiquinone;Ubiquinol;Quinone;Hydroquinone;ATP;ADP;AMP;GTP;GDP;Orthophosphate;Diphosphate;Polyphosphate;H2O;H+;H+[side 1];H+[side 2];Na+[side 1];Na+[side 2];HCO3-;CO2;Hydrogen
Other,D-Glucose,Acetate;(S)-Lactate;(R)-Lactate;Ethanol;Succinate;Propanoate;Butanoic acid;Formate;Hydrogen;CO2,Escherichia coli;Lactiplantibacillus plantarum;Clostridium butyricum,NAD+;NADH;NADP+;NADPH;FAD;FADH2;Oxidized ferredoxin;Reduced ferredoxin;Ubiquinone;Ubiquinol;Quinone;Hydroquinone;ATP;ADP;AMP;GTP;GDP;Orthophosphate;Diphosphate;Polyphosphate;H2O;H+;H+[side 1];H+[side 2];Na+[side 1];Na+[side 2];HCO3-;CO2;Hydrogen
